{
    "PSO": {
        "x": [
            1,
            1,
            1,
            22,
            10
        ],
        "f_x": 229,
        "x_axis": [
            0,
            1,
            2,
            3,
            4,
            5,
            6,
            7,
            8,
            9,
            10,
            11,
            12,
            13,
            14,
            15,
            16,
            17,
            18,
            19,
            20,
            21,
            22,
            23,
            24,
            25,
            26,
            27,
            28,
            29,
            30,
            31,
            32,
            33,
            34,
            35,
            36,
            37,
            38,
            39,
            40,
            41,
            42,
            43,
            44,
            45,
            46,
            47,
            48,
            49
        ],
        "y_axis": [
            0.0005638599395751953,
            0.0005049705505371094,
            0.0005259513854980469,
            0.0005090236663818359,
            0.0005085468292236328,
            0.0005619525909423828,
            0.0005218982696533203,
            0.0005128383636474609,
            0.0005128383636474609,
            0.0005044937133789062,
            0.0005135536193847656,
            0.0005064010620117188,
            0.0005011558532714844,
            0.0005037784576416016,
            0.000499725341796875,
            0.0005049705505371094,
            0.0005042552947998047,
            0.0005025863647460938,
            0.0005104541778564453,
            0.0004992485046386719,
            0.0004937648773193359,
            0.0005016326904296875,
            0.0004968643188476562,
            0.0004980564117431641,
            0.0005021095275878906,
            0.0004966259002685547,
            0.0005114078521728516,
            0.0005009174346923828,
            0.0004944801330566406,
            0.0004925727844238281,
            0.0004932880401611328,
            0.0004956722259521484,
            0.0004951953887939453,
            0.0004966259002685547,
            0.0005033016204833984,
            0.0004963874816894531,
            0.00049591064453125,
            0.0004968643188476562,
            0.0005307197570800781,
            0.0005061626434326172,
            0.000499725341796875,
            0.0004987716674804688,
            0.0005152225494384766,
            0.0005004405975341797,
            0.0004954338073730469,
            0.0004999637603759766,
            0.0004954338073730469,
            0.0004982948303222656,
            0.0004999637603759766,
            0.0004954338073730469
        ],
        "time": 0.37033796310424805,
        "accuracy": 83.0
    },
    "GA": {
        "x": [
            0,
            1,
            1,
            22,
            10
        ],
        "f_x": 220,
        "x_axis": [
            0,
            1,
            2,
            3,
            4,
            5,
            6,
            7,
            8,
            9,
            10,
            11,
            12,
            13,
            14,
            15,
            16,
            17,
            18,
            19,
            20,
            21,
            22,
            23,
            24,
            25,
            26,
            27,
            28,
            29,
            30,
            31,
            32,
            33,
            34,
            35,
            36,
            37,
            38,
            39,
            40,
            41,
            42,
            43,
            44,
            45,
            46,
            47,
            48,
            49
        ],
        "y_axis": [
            0.003068208694458008,
            0.0012619495391845703,
            0.0010972023010253906,
            0.0010676383972167969,
            0.0010638236999511719,
            0.0010886192321777344,
            0.0010590553283691406,
            0.0010569095611572266,
            0.0010576248168945312,
            0.0011491775512695312,
            0.0010704994201660156,
            0.0010595321655273438,
            0.0010633468627929688,
            0.0010967254638671875,
            0.00106048583984375,
            0.0010673999786376953,
            0.001073598861694336,
            0.001079559326171875,
            0.0010724067687988281,
            0.0010771751403808594,
            0.0018448829650878906,
            0.0020287036895751953,
            0.0010986328125,
            0.0011410713195800781,
            0.0010685920715332031,
            0.001077890396118164,
            0.0010809898376464844,
            0.0010673999786376953,
            0.0010619163513183594,
            0.0010623931884765625,
            0.0012269020080566406,
            0.0010759830474853516,
            0.0010704994201660156,
            0.0019447803497314453,
            0.0012903213500976562,
            0.0010840892791748047,
            0.0011010169982910156,
            0.0011229515075683594,
            0.0010769367218017578,
            0.00106048583984375,
            0.0010721683502197266,
            0.001058816909790039,
            0.0010592937469482422,
            0.0010714530944824219,
            0.0010519027709960938,
            0.0010533332824707031,
            0.0010590553283691406,
            0.0010709762573242188,
            0.0010614395141601562,
            0.001058816909790039
        ],
        "time": 0.38193488121032715,
        "accuracy": 83.0
    },
    "equality": 1,
    "maximum_iterations": 50
}