{
    "PSO": {
        "x": [
            1.0,
            1.0,
            1.0,
            22.0,
            10.0
        ],
        "f_x": 229,
        "x_axis": [
            0,
            1,
            2,
            3,
            4,
            5,
            6,
            7,
            8,
            9,
            10,
            11,
            12,
            13,
            14,
            15,
            16,
            17,
            18,
            19,
            20,
            21,
            22,
            23,
            24,
            25,
            26,
            27,
            28,
            29,
            30,
            31,
            32,
            33,
            34,
            35,
            36,
            37,
            38,
            39,
            40,
            41,
            42,
            43,
            44,
            45,
            46,
            47,
            48,
            49
        ],
        "y_axis": [
            0.00025081634521484375,
            0.0001971721649169922,
            0.000186920166015625,
            0.0001850128173828125,
            0.00018405914306640625,
            0.00018310546875,
            0.00018286705017089844,
            0.00018286705017089844,
            0.00018310546875,
            0.00018310546875,
            0.000186920166015625,
            0.00018286705017089844,
            0.00018310546875,
            0.00018405914306640625,
            0.00018310546875,
            0.0001819133758544922,
            0.00018215179443359375,
            0.00018095970153808594,
            0.0001819133758544922,
            0.0001850128173828125,
            0.00018596649169921875,
            0.00018215179443359375,
            0.0001819133758544922,
            0.0001819133758544922,
            0.0001819133758544922,
            0.00018215179443359375,
            0.00018906593322753906,
            0.00018215179443359375,
            0.00018095970153808594,
            0.00018286705017089844,
            0.00018286705017089844,
            0.00018095970153808594,
            0.00018405914306640625,
            0.00018215179443359375,
            0.00018095970153808594,
            0.00018095970153808594,
            0.00018215179443359375,
            0.0001800060272216797,
            0.0001819133758544922,
            0.00018405914306640625,
            0.0001938343048095703,
            0.00019311904907226562,
            0.00018310546875,
            0.00018095970153808594,
            0.00018095970153808594,
            0.00018095970153808594,
            0.0001819133758544922,
            0.00018215179443359375,
            0.0001819133758544922,
            0.00018310546875
        ],
        "time": 0.8430478572845459,
        "accuracy": 83.0
    },
    "GA": {
        "x": [
            0,
            0,
            1,
            20,
            10
        ],
        "f_x": 200,
        "x_axis": [
            0,
            1,
            2,
            3,
            4,
            5,
            6,
            7,
            8,
            9,
            10,
            11,
            12,
            13,
            14,
            15,
            16,
            17,
            18,
            19,
            20,
            21,
            22,
            23,
            24,
            25,
            26,
            27,
            28,
            29,
            30,
            31,
            32,
            33,
            34,
            35,
            36,
            37,
            38,
            39,
            40,
            41,
            42,
            43,
            44,
            45,
            46,
            47,
            48,
            49
        ],
        "y_axis": [
            0.0005900859832763672,
            0.00042891502380371094,
            0.0004220008850097656,
            0.00040984153747558594,
            0.00041103363037109375,
            0.0004050731658935547,
            0.0004107952117919922,
            0.0004038810729980469,
            0.00040340423583984375,
            0.0004086494445800781,
            0.0005340576171875,
            0.00043320655822753906,
            0.0004222393035888672,
            0.0004239082336425781,
            0.0004112720489501953,
            0.0004086494445800781,
            0.00040912628173828125,
            0.00041103363037109375,
            0.0004048347473144531,
            0.00040912628173828125,
            0.0004200935363769531,
            0.00040793418884277344,
            0.0004048347473144531,
            0.00040602684020996094,
            0.00040912628173828125,
            0.0004010200500488281,
            0.0004150867462158203,
            0.0004069805145263672,
            0.0004000663757324219,
            0.0004029273986816406,
            0.0004119873046875,
            0.0004100799560546875,
            0.0004048347473144531,
            0.00040602684020996094,
            0.00041794776916503906,
            0.0004138946533203125,
            0.0004551410675048828,
            0.0004200935363769531,
            0.0004069805145263672,
            0.00040912628173828125,
            0.0004076957702636719,
            0.00040221214294433594,
            0.0004119873046875,
            0.0004029273986816406,
            0.0004069805145263672,
            0.00040721893310546875,
            0.0004208087921142578,
            0.0004119873046875,
            0.00041174888610839844,
            0.00040602684020996094
        ],
        "time": 0.4468858242034912,
        "accuracy": 83.0
    },
    "equality": 1,
    "maximum_iterations": 50
}