{"PSO": {"x": [1.0, 1.0, 0.0, 22.0, 10.0], "fx": 229, "xaxis": [0, 1, 2, 3, 4, 5, 6, 7, 8, 9, 10, 11, 12, 13, 14, 15, 16, 17, 18, 19, 20, 21, 22, 23, 24, 25, 26, 27, 28, 29, 30, 31, 32, 33, 34, 35, 36, 37, 38, 39, 40, 41, 42, 43, 44, 45, 46, 47, 48, 49], "yaxis": [0.0006077289581298828, 0.0005354881286621094, 0.0005369186401367188, 0.0005340576171875, 0.0005285739898681641, 0.0005657672882080078, 0.0005342960357666016, 0.0005664825439453125, 0.0005829334259033203, 0.0005364418029785156, 0.0005340576171875, 0.0005273818969726562, 0.0005257129669189453, 0.0005748271942138672, 0.0005271434783935547, 0.0005333423614501953, 0.0005235671997070312, 0.0005235671997070312, 0.0005383491516113281, 0.0005295276641845703, 0.0005612373352050781, 0.0005609989166259766, 0.0005316734313964844, 0.0005221366882324219, 0.0005271434783935547, 0.0005283355712890625, 0.0005247592926025391, 0.0005276203155517578, 0.0005781650543212891, 0.0005280971527099609, 0.0005340576171875, 0.0005269050598144531, 0.0005331039428710938, 0.0005757808685302734, 0.0005602836608886719, 0.0005750656127929688, 0.0005388259887695312, 0.00052642822265625, 0.0005235671997070312, 0.0005216598510742188, 0.0005335807800292969, 0.0005240440368652344, 0.0005865097045898438, 0.0005447864532470703, 0.0005433559417724609, 0.0005331039428710938, 0.000579833984375, 0.0005755424499511719, 0.0005280971527099609, 0.0005235671997070312], "time": 0.7101495265960693, "accuracy": 83.0}, "GA": {"x": [1, 0, 1, 21, 9], "fx": 197, "xaxis": [0, 1, 2, 3, 4, 5, 6, 7, 8, 9, 10, 11, 12, 13, 14, 15, 16, 17, 18, 19, 20, 21, 22, 23, 24, 25, 26, 27, 28, 29, 30, 31, 32, 33, 34, 35, 36, 37, 38, 39, 40, 41, 42, 43, 44, 45, 46, 47, 48, 49], "yaxis": [0.001795053482055664, 0.0012094974517822266, 0.001458883285522461, 0.0012125968933105469, 0.0010805130004882812, 0.0010781288146972656, 0.0010879039764404297, 0.0010900497436523438, 0.001089334487915039, 0.0010755062103271484, 0.0011413097381591797, 0.0011050701141357422, 0.0010890960693359375, 0.001203298568725586, 0.0011184215545654297, 0.0010883808135986328, 0.0013446807861328125, 0.0021131038665771484, 0.002724885940551758, 0.0027246475219726562, 0.002704620361328125, 0.0019669532775878906, 0.0011599063873291016, 0.0010988712310791016, 0.0010831356048583984, 0.0010747909545898438, 0.0011038780212402344, 0.0010707378387451172, 0.0010821819305419922, 0.0010700225830078125, 0.0010933876037597656, 0.0010819435119628906, 0.0010831356048583984, 0.0010783672332763672, 0.00109100341796875, 0.0010809898376464844, 0.00107574462890625, 0.0011382102966308594, 0.0010862350463867188, 0.0010807514190673828, 0.0010805130004882812, 0.0010750293731689453, 0.0010731220245361328, 0.0010821819305419922, 0.0010745525360107422, 0.0010788440704345703, 0.001077890396118164, 0.0010819435119628906, 0.0010962486267089844, 0.0010716915130615234], "time": 0.7295434474945068, "accuracy": 83.0}, "Equality": 1, "maximumIterations": 50}